"ROOMID","ROOM_TYPE","BED_TYPE","FLOOR_NUMBER","COST_PER_DAY","DISCOUNT","SPECIAL_OFFER","RESERVATIONID","HOTELID"
"1","Studio","Twin Bed","6","3845","47",,"1","232"
"2","Regular","Double Bed","4","874","6",,"2","169"
"3","Suite","Twin Bed","5","3731","32",,"3","105"
"4","Presidential Suite","Queen Size Bed","3","4177","41",,"4","161"
"5","Suite","Twin Bed","5","4496","3",,"5","318"
"6","Regular","Single Bed","6","3040","23",,"6","321"
"7","Studio","Queen Size Bed","6","1263","8",,"7","30"
"8","Studio","Single Bed","3","4355","7",,"8","433"
"9","Regular","Double Bed","2","3121","4",,"9","258"
"10","Regular","Twin Bed","2","4384","34",,"10","376"
"11","Suite","Twin Bed","5","4031","11",,"11","90"
"12","Studio","Single Bed","6","4742","20",,"12","411"
"13","Villa","Queen Size Bed","3","2293","1",,"13","72"
"14","Regular","Twin Bed","5","4653","37",,"14","473"
"15","Presidential Suite","Queen Size Bed","1","822","33",,"15","456"
"16","Regular","Double Bed","5","1084","44",,"16","412"
"17","Suite","Twin Bed","4","3916","2",,"17","36"
"18","Regular","Double Bed","5","4623","28",,"18","41"
"19","Suite","Double Bed","5","3664","6",,"19","463"
"20","Studio","Single Bed","6","3907","17",,"20","99"
"21","Regular","Queen Size Bed","4","4275","35",,"21","87"
"22","Studio","Twin Bed","4","968","3",,"22","12"
"23","Studio","Twin Bed","6","4045","37",,"23","153"
"24","Regular","Double Bed","5","3282","25",,"24","237"
"25","Regular","Queen Size Bed","3","3152","38",,"25","60"
"26","Suite","Single Bed","4","1462","22",,"26","317"
"27","Regular","Twin Bed","1","4238","13",,"27","455"
"28","Regular","Single Bed","3","4876","44",,"28","369"
"29","Regular","Queen Size Bed","4","1489","45",,"29","88"
"30","Studio","Single Bed","5","1510","14",,"30","82"
"31","Villa","Queen Size Bed","4","3427","22",,"31","213"
"32","Regular","Twin Bed","2","3732","29",,"32","449"
"33","Studio","Queen Size Bed","5","2914","32",,"33","64"
"34","Regular","Single Bed","3","3437","10",,"34","252"
"35","Regular","Single Bed","6","2062","11",,"35","56"
"36","Regular","Single Bed","3","1626","30",,"36","476"
"37","Studio","Queen Size Bed","1","1891","8",,"37","270"
"38","Studio","Double Bed","6","2619","34",,"38","43"
"39","Regular","Double Bed","1","1576","31",,"39","264"
"40","Regular","Queen Size Bed","3","2498","14",,"40","413"
"41","Regular","Double Bed","2","2177","30",,"41","194"
"42","Studio","Single Bed","4","4897","17",,"42","380"
"43","Studio","Single Bed","3","1266","37",,"43","444"
"44","Regular","Twin Bed","5","4219","28",,"44","107"
"45","Regular","Double Bed","5","4386","30",,"45","333"
"46","Suite","Queen Size Bed","3","4934","21",,"46","419"
"47","Suite","Twin Bed","3","3752","7",,"47","118"
"48","Suite","Single Bed","5","636","1",,"48","2"
"49","Presidential Suite","Twin Bed","1","2884","5",,"49","457"
"50","Studio","Single Bed","1","3642","25",,"50","267"
"51","Studio","Twin Bed","3","3165","50",,"51","291"
"52","Regular","Single Bed","3","1748","36",,"52","115"
"53","Regular","Queen Size Bed","6","4496","33",,"53","61"
"54","Studio","Single Bed","3","3028","2",,"54","372"
"55","Studio","Queen Size Bed","1","406","37",,"55","432"
"56","Regular","Queen Size Bed","5","2663","15",,"56","43"
"57","Regular","Double Bed","3","1605","2",,"57","141"
"58","Studio","Twin Bed","2","2087","9",,"58","316"
"59","Suite","Queen Size Bed","3","1998","46",,"59","356"
"60","Studio","Double Bed","1","4229","26",,"60","365"
"61","Regular","Single Bed","2","3478","40",,"61","55"
"62","Studio","Queen Size Bed","3","2564","41",,"62","352"
"63","Studio","Twin Bed","1","4590","21",,"63","26"
"64","Regular","Single Bed","3","264","15",,"64","222"
"65","Studio","Queen Size Bed","1","563","26",,"65","148"
"66","Regular","Queen Size Bed","3","1672","0",,"66","288"
"67","Studio","Twin Bed","6","1050","50",,"67","17"
"68","Regular","Queen Size Bed","6","3778","14",,"68","335"
"69","Regular","Single Bed","1","2000","37",,"69","106"
"70","Regular","Single Bed","4","470","28",,"70","246"
"71","Regular","Single Bed","3","3405","44",,"71","357"
"72","Suite","Single Bed","2","3568","29",,"72","233"
"73","Studio","Single Bed","4","2829","2",,"73","265"
"74","Presidential Suite","Double Bed","2","2632","36",,"74","449"
"75","Regular","Queen Size Bed","4","1832","38",,"75","441"
"76","Villa","Twin Bed","1","1766","27",,"76","329"
"77","Studio","Single Bed","6","1739","50",,"77","494"
"78","Studio","Single Bed","1","2892","18",,"78","386"
"79","Suite","Double Bed","1","1401","19",,"79","239"
"80","Studio","Twin Bed","6","4737","6",,"80","162"
"81","Regular","Single Bed","5","848","27",,"81","41"
"82","Studio","Queen Size Bed","3","3373","13",,"82","492"
"83","Studio","Twin Bed","4","4266","29",,"83","38"
"84","Regular","Double Bed","5","1988","19",,"84","14"
"85","Studio","Single Bed","6","1781","7",,"85","206"
"86","Regular","Queen Size Bed","2","3684","26",,"86","230"
"87","Regular","Single Bed","4","1062","20",,"87","204"
"88","Regular","Queen Size Bed","1","411","23",,"88","40"
"89","Studio","Single Bed","2","3424","14",,"89","244"
"90","Regular","Double Bed","5","228","49",,"90","16"
"91","Regular","Double Bed","1","1823","47",,"91","465"
"92","Studio","Twin Bed","1","2059","31",,"92","329"
"93","Studio","Twin Bed","3","3777","46",,"93","11"
"94","Villa","Single Bed","1","3601","2",,"94","485"
"95","Regular","Single Bed","5","4037","41",,"95","363"
"96","Regular","Double Bed","4","2366","18",,"96","51"
"97","Suite","Single Bed","1","3218","8",,"97","365"
"98","Presidential Suite","Twin Bed","1","122","22",,"98","413"
"99","Regular","Twin Bed","3","982","23",,"99","409"
"100","Studio","Single Bed","5","2413","43",,"100","91"
"101","Suite","Twin Bed","5","1089","47",,"101","30"
"102","Regular","Twin Bed","2","4416","4",,"102","51"
"103","Studio","Twin Bed","3","4416","33",,"103","69"
"104","Villa","Twin Bed","5","3042","9",,"104","184"
"105","Villa","Double Bed","1","2255","12",,"105","401"
"106","Regular","Single Bed","1","435","41",,"106","360"
"107","Studio","Twin Bed","4","1168","32",,"107","354"
"108","Suite","Double Bed","4","3847","29",,"108","280"
"109","Regular","Twin Bed","5","191","35",,"109","491"
"110","Suite","Single Bed","4","3537","6",,"110","130"
"111","Regular","Twin Bed","3","4603","17",,"111","125"
"112","Villa","Single Bed","4","4691","18",,"112","277"
"113","Presidential Suite","Queen Size Bed","4","2106","13",,"113","466"
"114","Regular","Queen Size Bed","1","3605","33",,"114","387"
"115","Presidential Suite","Double Bed","6","1486","28",,"115","178"
"116","Regular","Queen Size Bed","6","2816","38",,"116","278"
"117","Studio","Twin Bed","1","4164","6",,"117","476"
"118","Regular","Queen Size Bed","5","2576","29",,"118","44"
"119","Studio","Queen Size Bed","6","4941","37",,"119","488"
"120","Studio","Single Bed","1","540","13",,"120","61"
"121","Studio","Queen Size Bed","6","1154","6",,"121","237"
"122","Studio","Twin Bed","3","4494","7",,"122","148"
"123","Studio","Queen Size Bed","2","189","30",,"123","153"
"124","Suite","Twin Bed","1","1978","9",,"124","394"
"125","Regular","Queen Size Bed","6","1089","26",,"125","198"
"126","Studio","Single Bed","2","2411","18",,"126","225"
"127","Regular","Double Bed","6","4181","18",,"127","398"
"128","Studio","Double Bed","6","686","28",,"128","12"
"129","Studio","Double Bed","2","1389","42",,"129","237"
"130","Regular","Queen Size Bed","3","907","44",,"130","229"
"131","Regular","Single Bed","1","2815","0",,"131","45"
"132","Studio","Single Bed","1","3150","23",,"132","396"
"133","Regular","Single Bed","1","1013","0",,"133","99"
"134","Studio","Queen Size Bed","6","3723","29",,"134","294"
"135","Regular","Single Bed","4","2280","15",,"135","382"
"136","Studio","Double Bed","6","4906","6",,"136","75"
"137","Studio","Single Bed","5","3415","8",,"137","385"
"138","Suite","Double Bed","1","1810","2",,"138","88"
"139","Studio","Twin Bed","2","284","9",,"139","85"
"140","Studio","Single Bed","6","1919","34",,"140","442"
"141","Villa","Double Bed","4","2979","1",,"141","171"
"142","Studio","Twin Bed","1","1468","7",,"142","454"
"143","Regular","Single Bed","4","3650","1",,"143","455"
"144","Regular","Twin Bed","4","1229","40",,"144","195"
"145","Suite","Double Bed","3","2708","8",,"145","254"
"146","Regular","Queen Size Bed","4","4878","41",,"146","91"
"147","Studio","Double Bed","6","1806","1",,"147","250"
"148","Studio","Twin Bed","6","459","8",,"148","33"
"149","Regular","Double Bed","5","4235","5",,"149","118"
"150","Studio","Queen Size Bed","1","630","22",,"150","44"
"151","Studio","Queen Size Bed","6","1962","12",,"151","332"
"152","Regular","Queen Size Bed","5","3104","21",,"152","276"
"153","Regular","Double Bed","4","4224","0",,"153","465"
"154","Studio","Twin Bed","3","4617","29",,"154","475"
"155","Regular","Single Bed","5","4214","20",,"155","141"
"156","Studio","Double Bed","1","502","41",,"156","494"
"157","Regular","Twin Bed","3","2019","28",,"157","420"
"158","Regular","Queen Size Bed","1","3690","1",,"158","217"
"159","Regular","Single Bed","6","3642","28",,"159","384"
"469","Regular","Twin Bed","4","4916","23",,"469","202"
"470","Regular","Single Bed","6","2216","23",,"470","102"
"471","Regular","Double Bed","4","4200","24",,"471","62"
"472","Studio","Twin Bed","5","1115","42",,"472","7"
"473","Regular","Twin Bed","3","4317","43",,"473","202"
"474","Presidential Suite","Queen Size Bed","3","257","46",,"474","95"
"475","Regular","Twin Bed","6","4122","16",,"475","300"
"476","Regular","Single Bed","3","2066","34",,"476","238"
"477","Studio","Twin Bed","2","4326","24",,"477","41"
"478","Studio","Double Bed","1","2764","4",,"478","222"
"479","Studio","Double Bed","5","2328","8",,"479","117"
"480","Studio","Twin Bed","5","4756","50",,"480","481"
"481","Suite","Double Bed","2","2510","5",,"481","332"
"482","Regular","Double Bed","4","1542","3",,"482","11"
"483","Suite","Twin Bed","2","1673","38",,"483","312"
"484","Studio","Double Bed","3","4691","12",,"484","18"
"485","Studio","Double Bed","3","1226","36",,"485","149"
"486","Villa","Twin Bed","1","3582","15",,"486","339"
"487","Presidential Suite","Queen Size Bed","5","3150","31",,"487","490"
"488","Regular","Single Bed","2","578","24",,"488","40"
"489","Regular","Queen Size Bed","1","629","26",,"489","495"
"490","Suite","Queen Size Bed","5","3451","1",,"490","495"
"491","Regular","Twin Bed","1","3449","37",,"491","152"
"492","Studio","Queen Size Bed","5","1628","3",,"492","304"
"493","Regular","Twin Bed","3","4757","32",,"493","384"
"494","Studio","Twin Bed","6","936","17",,"494","47"
"495","Regular","Double Bed","1","1129","23",,"495","58"
"496","Regular","Double Bed","1","921","46",,"496","134"
"497","Regular","Single Bed","3","3306","16",,"497","468"
"498","Regular","Single Bed","1","4762","35",,"498","209"
"499","Studio","Single Bed","2","2688","44",,"499","250"
"500","Suite","Twin Bed","4","811","31",,"500","416"
"501","Regular","Twin Bed","6","3622","25",,,"232"
"502","Studio","Queen Size Bed","3","1970","28",,,"169"
"503","Regular","Single Bed","6","2025","3",,,"105"
"504","Studio","Double Bed","4","4460","20",,,"161"
"505","Regular","Single Bed","5","3999","8",,,"318"
"506","Suite","Queen Size Bed","5","2059","42",,,"321"
"507","Regular","Twin Bed","4","1434","46",,,"30"
"508","Regular","Double Bed","2","4685","13",,,"433"
"509","Studio","Double Bed","3","4858","45",,,"258"
"510","Regular","Twin Bed","6","4723","3",,,"376"
"511","Suite","Single Bed","1","491","10",,,"90"
"512","Regular","Twin Bed","4","1620","35",,,"411"
"513","Studio","Queen Size Bed","6","3235","21",,,"72"
"514","Regular","Double Bed","3","1468","40",,,"473"
"515","Regular","Double Bed","5","4248","40",,,"456"
"516","Regular","Single Bed","3","4244","23",,,"412"
"517","Regular","Twin Bed","5","1077","40",,,"36"
"518","Regular","Twin Bed","3","2994","20",,,"41"
"519","Regular","Double Bed","5","226","24",,,"463"
"520","Regular","Single Bed","4","285","48",,,"99"
"521","Studio","Double Bed","3","2423","34",,,"87"
"522","Studio","Queen Size Bed","6","1589","28",,,"12"
"523","Studio","Double Bed","2","4119","38",,,"153"
"524","Studio","Queen Size Bed","5","751","27",,,"237"
"525","Studio","Twin Bed","1","4894","29",,,"60"
"526","Studio","Twin Bed","2","2120","28",,,"317"
"527","Regular","Queen Size Bed","1","4159","46",,,"455"
"528","Regular","Single Bed","5","4621","16",,,"369"
"529","Regular","Queen Size Bed","3","3450","27",,,"88"
"530","Regular","Single Bed","3","3150","10",,,"82"
"531","Regular","Twin Bed","4","4043","30",,,"213"
"532","Villa","Single Bed","2","2192","13",,,"449"
"533","Villa","Queen Size Bed","2","763","15",,,"64"
"534","Studio","Twin Bed","2","3414","29",,,"252"
"535","Regular","Double Bed","5","2467","6",,,"56"
"536","Regular","Twin Bed","1","3609","35",,,"476"
"537","Regular","Queen Size Bed","2","2699","40",,,"270"
"538","Suite","Single Bed","3","2983","4",,,"43"
"539","Regular","Twin Bed","6","4187","3",,,"264"
"540","Regular","Twin Bed","2","4243","4",,,"413"
"541","Regular","Single Bed","1","498","30",,,"194"
"542","Regular","Twin Bed","1","246","36",,,"380"
"543","Regular","Queen Size Bed","6","3828","45",,,"444"
"544","Suite","Double Bed","3","1449","37",,,"107"
"545","Studio","Double Bed","6","1345","14",,,"333"
"546","Presidential Suite","Single Bed","6","2394","34",,,"419"
"547","Regular","Double Bed","4","1772","38",,,"118"
"548","Villa","Queen Size Bed","1","1394","35",,,"2"
"549","Regular","Double Bed","5","213","24",,,"457"
"550","Suite","Queen Size Bed","3","505","40",,,"267"
"551","Regular","Single Bed","1","2829","5",,,"291"
"552","Regular","Single Bed","2","4305","22",,,"115"
"553","Studio","Twin Bed","4","196","15",,,"61"
"554","Studio","Queen Size Bed","1","361","50",,,"372"
"555","Regular","Double Bed","6","108","49",,,"432"
"556","Regular","Twin Bed","3","4740","50",,,"43"
"557","Presidential Suite","Queen Size Bed","6","4748","15",,,"141"
"558","Regular","Double Bed","2","1223","17",,,"316"
"559","Studio","Double Bed","2","4222","15",,,"356"
"560","Regular","Single Bed","5","1428","47",,,"365"
"561","Regular","Queen Size Bed","5","4821","42",,,"55"
"562","Studio","Single Bed","2","2031","35",,,"352"
"563","Regular","Twin Bed","6","4855","10",,,"26"
"564","Regular","Queen Size Bed","6","1584","32",,,"222"
"565","Studio","Queen Size Bed","2","2524","39",,,"148"
"566","Studio","Twin Bed","3","3823","14",,,"288"
"567","Regular","Double Bed","6","1414","30",,,"17"
"568","Regular","Double Bed","6","690","35",,,"335"
"569","Studio","Single Bed","3","3204","4",,,"106"
"570","Regular","Twin Bed","3","4121","17",,,"246"
"571","Studio","Twin Bed","5","4564","31",,,"357"
"572","Studio","Double Bed","2","1304","16",,,"233"
"573","Regular","Single Bed","3","1672","34",,,"265"
"574","Regular","Single Bed","2","1889","15",,,"449"
"575","Regular","Double Bed","6","2054","48",,,"441"
"576","Regular","Double Bed","3","1564","46",,,"329"
"577","Studio","Twin Bed","2","3773","34",,,"494"
"578","Studio","Single Bed","6","284","30",,,"386"
"579","Regular","Single Bed","3","3389","49",,,"239"
"580","Presidential Suite","Twin Bed","4","1250","13",,,"162"
"581","Studio","Single Bed","4","1841","1",,,"41"
"582","Studio","Single Bed","1","927","30",,,"492"
"583","Suite","Queen Size Bed","3","2382","0",,,"38"
"584","Suite","Twin Bed","5","4240","21",,,"14"
"585","Studio","Single Bed","1","3063","38",,,"206"
"586","Regular","Twin Bed","2","4502","2",,,"230"
"587","Studio","Single Bed","4","1767","18",,,"204"
"588","Studio","Twin Bed","1","2915","2",,,"40"
"589","Suite","Queen Size Bed","3","2273","43",,,"244"
"590","Regular","Double Bed","1","1177","42",,,"16"
"591","Regular","Queen Size Bed","6","2240","48",,,"465"
"592","Presidential Suite","Double Bed","4","740","43",,,"329"
"593","Regular","Double Bed","1","2656","27",,,"11"
"594","Suite","Twin Bed","1","1530","47",,,"485"
"595","Suite","Double Bed","5","3273","5",,,"363"
"596","Regular","Single Bed","5","4863","5",,,"51"
"597","Regular","Double Bed","3","3592","7",,,"365"
"598","Studio","Double Bed","1","4710","11",,,"413"
"599","Villa","Twin Bed","3","4295","50",,,"409"
"600","Regular","Single Bed","3","2185","22",,,"91"
"601","Regular","Queen Size Bed","3","4050","44",,,"30"
"602","Regular","Single Bed","6","1024","18",,,"51"
"603","Studio","Single Bed","3","3975","19",,,"69"
"604","Studio","Twin Bed","2","4316","11",,,"184"
"605","Studio","Double Bed","1","2831","14",,,"401"
"606","Regular","Double Bed","5","544","45",,,"360"
"607","Regular","Queen Size Bed","2","2267","0",,,"354"
"608","Regular","Single Bed","2","3863","48",,,"280"
"609","Villa","Queen Size Bed","3","1497","25",,,"491"
"610","Suite","Twin Bed","3","167","30",,,"130"
"611","Regular","Twin Bed","2","375","25",,,"125"
"612","Regular","Twin Bed","5","939","42",,,"277"
"613","Suite","Single Bed","5","708","38",,,"466"
"614","Regular","Queen Size Bed","1","1018","11",,,"387"
"615","Regular","Twin Bed","2","2123","40",,,"178"
"616","Suite","Double Bed","6","805","5",,,"278"
"617","Regular","Single Bed","1","4499","40",,,"476"
"618","Villa","Single Bed","5","3346","20",,,"44"
"619","Studio","Single Bed","3","4771","17",,,"488"
"620","Regular","Single Bed","6","2714","44",,,"61"
"621","Presidential Suite","Double Bed","3","2209","46",,,"237"
"622","Studio","Twin Bed","3","3660","12",,,"148"
"623","Presidential Suite","Twin Bed","6","1261","26",,,"153"
"624","Regular","Single Bed","2","2595","8",,,"394"
"625","Regular","Single Bed","3","3352","1",,,"198"
"626","Regular","Queen Size Bed","3","2844","45",,,"225"
"627","Regular","Double Bed","4","4607","7",,,"398"
"628","Studio","Double Bed","3","1274","19",,,"12"
"629","Regular","Single Bed","1","3543","50",,,"237"
"630","Studio","Twin Bed","5","776","34",,,"229"
"631","Regular","Twin Bed","2","824","16",,,"45"
"632","Studio","Double Bed","6","1393","24",,,"396"
"633","Studio","Twin Bed","2","1540","50",,,"99"
"634","Presidential Suite","Queen Size Bed","4","2061","28",,,"294"
"635","Regular","Single Bed","4","1850","6",,,"382"
"636","Regular","Queen Size Bed","1","1635","25",,,"75"
"637","Regular","Twin Bed","4","109","45",,,"385"
"638","Suite","Twin Bed","6","2097","33",,,"88"
"639","Regular","Twin Bed","2","377","27",,,"85"
"640","Studio","Double Bed","4","2483","39",,,"442"
"641","Studio","Twin Bed","3","1596","29",,,"171"
"642","Presidential Suite","Single Bed","2","957","50",,,"454"
"643","Suite","Double Bed","4","801","26",,,"455"
"644","Villa","Twin Bed","5","1583","12",,,"195"
"645","Studio","Single Bed","2","873","28",,,"254"
"646","Presidential Suite","Double Bed","3","873","20",,,"91"
"647","Regular","Double Bed","6","1428","4",,,"250"
"648","Studio","Queen Size Bed","5","959","30",,,"33"
"649","Regular","Twin Bed","4","663","14",,,"118"
"650","Regular","Single Bed","5","4677","44",,,"44"
"651","Regular","Double Bed","4","4303","4",,,"332"
"652","Suite","Twin Bed","3","1695","40",,,"276"
"653","Studio","Queen Size Bed","2","3015","30",,,"465"
"654","Regular","Queen Size Bed","4","3852","28",,,"475"
"655","Regular","Single Bed","1","1192","6",,,"141"
"656","Regular","Queen Size Bed","5","2995","24",,,"494"
"657","Suite","Double Bed","3","3732","33",,,"420"
"658","Regular","Twin Bed","1","445","44",,,"217"
"659","Studio","Queen Size Bed","4","4060","28",,,"384"
"660","Studio","Double Bed","1","927","47",,,"162"
"661","Regular","Double Bed","1","2090","45",,,"292"
"662","Regular","Twin Bed","5","4722","7",,,"288"
"663","Regular","Queen Size Bed","6","3034","32",,,"217"
"664","Presidential Suite","Double Bed","3","389","12",,,"296"
"665","Regular","Twin Bed","1","4025","20",,,"12"
"666","Regular","Twin Bed","5","1528","18",,,"279"
"667","Regular","Double Bed","2","1392","48",,,"465"
"668","Regular","Twin Bed","6","2442","1",,,"316"
"669","Presidential Suite","Single Bed","3","3441","34",,,"63"
"670","Regular","Single Bed","3","2242","14",,,"177"
"671","Regular","Queen Size Bed","6","4016","27",,,"208"
"672","Studio","Queen Size Bed","4","4091","43",,,"308"
"673","Regular","Double Bed","1","2294","6",,,"248"
"674","Studio","Single Bed","3","4347","7",,,"44"
"675","Studio","Queen Size Bed","2","2309","9",,,"340"
"676","Regular","Double Bed","1","1916","2",,,"480"
"677","Studio","Double Bed","2","1019","6",,,"410"
"678","Regular","Twin Bed","5","1160","46",,,"249"
"679","Presidential Suite","Double Bed","3","1281","10",,,"385"
"680","Regular","Single Bed","4","1755","36",,,"36"
"681","Suite","Single Bed","3","1415","6",,,"324"
"682","Regular","Single Bed","2","4522","29",,,"1"
"683","Studio","Single Bed","5","1624","45",,,"446"
"684","Suite","Queen Size Bed","4","1624","19",,,"160"
"685","Studio","Twin Bed","3","2018","23",,,"430"
"686","Presidential Suite","Double Bed","2","3014","25",,,"91"
"687","Regular","Queen Size Bed","5","1178","48",,,"190"
"688","Presidential Suite","Queen Size Bed","1","2103","21",,,"375"
"689","Studio","Double Bed","2","3697","7",,,"82"
"690","Regular","Queen Size Bed","4","4866","20",,,"488"
"691","Presidential Suite","Queen Size Bed","6","2502","44",,,"293"
"692","Studio","Twin Bed","2","1198","28",,,"403"
"693","Regular","Double Bed","3","2493","8",,,"360"
"694","Villa","Queen Size Bed","2","2941","11",,,"265"
"695","Regular","Double Bed","1","3341","9",,,"415"
"696","Regular","Twin Bed","1","4215","4",,,"8"
"697","Regular","Twin Bed","2","679","48",,,"102"
"698","Studio","Twin Bed","6","2246","3",,,"259"
"699","Regular","Double Bed","2","4535","18",,,"439"
"700","Regular","Single Bed","6","2702","9",,,"207"
"701","Studio","Queen Size Bed","3","465","3",,,"17"
"702","Regular","Double Bed","1","1128","20",,,"192"
"703","Presidential Suite","Queen Size Bed","6","1493","22",,,"182"
"704","Regular","Single Bed","2","1332","33",,,"214"
"705","Studio","Single Bed","2","356","44",,,"281"
"706","Regular","Queen Size Bed","4","2869","36",,,"179"
"707","Regular","Single Bed","2","4749","31",,,"99"
"708","Studio","Twin Bed","3","3734","38",,,"119"
"709","Villa","Queen Size Bed","2","2909","20",,,"459"
"710","Studio","Single Bed","6","4871","8",,,"258"
"711","Regular","Double Bed","6","1657","34",,,"493"
"712","Studio","Twin Bed","3","3452","8",,,"324"
"713","Villa","Single Bed","4","1285","6",,,"293"
"714","Regular","Double Bed","2","1521","39",,,"380"
"715","Regular","Single Bed","2","300","9",,,"189"
"716","Regular","Double Bed","1","4212","25",,,"130"
"717","Regular","Single Bed","3","456","3",,,"340"
"718","Regular","Single Bed","5","650","17",,,"459"
"719","Regular","Twin Bed","3","2279","4",,,"52"
"720","Studio","Single Bed","5","2219","6",,,"453"
"721","Studio","Twin Bed","2","772","36",,,"146"
"722","Regular","Single Bed","5","2808","19",,,"212"
"723","Regular","Twin Bed","2","2723","26",,,"246"
"724","Regular","Double Bed","2","295","15",,,"439"
"725","Studio","Double Bed","6","1897","11",,,"440"
"726","Regular","Twin Bed","2","1995","16",,,"146"
"727","Regular","Twin Bed","6","633","16",,,"428"
"728","Studio","Double Bed","6","345","8",,,"285"
"729","Suite","Double Bed","4","1028","4",,,"174"
"730","Studio","Double Bed","1","4711","20",,,"12"
"731","Studio","Queen Size Bed","4","1429","49",,,"488"
"732","Regular","Double Bed","2","3357","25",,,"115"
"733","Regular","Double Bed","3","4200","45",,,"478"
"734","Regular","Single Bed","3","166","40",,,"46"
"735","Regular","Single Bed","6","1131","27",,,"406"
"736","Studio","Single Bed","3","1050","2",,,"452"
"737","Studio","Queen Size Bed","6","2118","22",,,"263"
"738","Studio","Queen Size Bed","5","3734","4",,,"154"
"739","Regular","Queen Size Bed","3","1853","48",,,"360"
"740","Regular","Double Bed","6","548","20",,,"205"
"741","Regular","Single Bed","1","4121","38",,,"369"
"742","Regular","Twin Bed","6","3486","2",,,"7"
"743","Regular","Single Bed","2","1535","4",,,"195"
"744","Studio","Single Bed","6","2102","35",,,"447"
"745","Regular","Single Bed","6","696","12",,,"498"
"746","Regular","Single Bed","3","3091","9",,,"149"
"747","Regular","Queen Size Bed","2","1997","44",,,"415"
"748","Suite","Single Bed","6","2242","20",,,"390"
"749","Regular","Double Bed","1","4444","15",,,"167"
"750","Regular","Twin Bed","2","2913","15",,,"197"
"751","Presidential Suite","Twin Bed","4","1443","11",,,"191"
"752","Regular","Queen Size Bed","4","966","15",,,"261"
"753","Regular","Queen Size Bed","2","827","28",,,"50"
"754","Studio","Twin Bed","3","4559","24",,,"87"
"755","Studio","Single Bed","2","4311","14",,,"55"
"756","Studio","Double Bed","5","2659","29",,,"232"
"757","Regular","Single Bed","5","2976","37",,,"475"
"758","Studio","Queen Size Bed","4","2859","20",,,"133"
"759","Studio","Queen Size Bed","5","1042","40",,,"277"
"760","Studio","Queen Size Bed","3","4105","2",,,"187"
"761","Regular","Double Bed","5","2980","42",,,"453"
"762","Regular","Queen Size Bed","4","3574","3",,,"87"
"763","Suite","Queen Size Bed","5","3365","49",,,"393"
"764","Presidential Suite","Queen Size Bed","6","552","34",,,"189"
"765","Regular","Double Bed","2","3539","29",,,"191"
"766","Regular","Single Bed","2","3719","36",,,"391"
"767","Regular","Queen Size Bed","6","528","37",,,"102"
"768","Villa","Double Bed","2","3562","8",,,"332"
"769","Regular","Double Bed","3","2051","32",,,"4"
"770","Studio","Twin Bed","5","272","32",,,"141"
"771","Regular","Single Bed","1","2783","16",,,"347"
"772","Regular","Twin Bed","5","4828","7",,,"94"
"773","Studio","Queen Size Bed","1","3952","27",,,"251"
"774","Regular","Double Bed","5","3853","4",,,"127"
"775","Villa","Queen Size Bed","3","4201","48",,,"214"
"776","Studio","Single Bed","5","153","43",,,"158"
"777","Studio","Double Bed","5","2911","35",,,"64"
"778","Studio","Twin Bed","6","3636","15",,,"494"
"779","Regular","Queen Size Bed","2","4590","7",,,"499"
"780","Studio","Twin Bed","1","515","43",,,"83"
"781","Studio","Double Bed","1","679","30",,,"228"
"782","Studio","Queen Size Bed","1","4628","50",,,"288"
"783","Regular","Double Bed","3","3669","40",,,"380"
"784","Studio","Double Bed","5","4295","21",,,"121"
"785","Regular","Queen Size Bed","3","2065","42",,,"386"
"786","Regular","Twin Bed","6","1671","35",,,"256"
"787","Regular","Queen Size Bed","1","3134","26",,,"317"
"788","Regular","Single Bed","3","2120","40",,,"219"
"789","Suite","Double Bed","2","1049","49",,,"297"
"790","Studio","Single Bed","1","695","7",,,"176"
"791","Regular","Twin Bed","1","2129","2",,,"245"
"792","Villa","Twin Bed","2","2538","1",,,"42"
"160","Regular","Twin Bed","4","2903","19",,"160","162"
"161","Studio","Double Bed","6","202","2",,"161","292"
"162","Suite","Double Bed","4","393","31",,"162","288"
"163","Regular","Twin Bed","1","994","37",,"163","217"
"164","Presidential Suite","Single Bed","1","2889","28",,"164","296"
"165","Studio","Single Bed","3","1592","16",,"165","12"
"166","Regular","Queen Size Bed","3","2326","28",,"166","279"
"167","Suite","Double Bed","6","1903","15",,"167","465"
"168","Suite","Double Bed","3","578","1",,"168","316"
"169","Regular","Single Bed","1","4339","0",,"169","63"
"170","Studio","Twin Bed","3","2763","38",,"170","177"
"171","Presidential Suite","Queen Size Bed","5","4961","40",,"171","208"
"172","Studio","Double Bed","2","1593","49",,"172","308"
"173","Studio","Twin Bed","1","4908","35",,"173","248"
"174","Regular","Twin Bed","5","822","35",,"174","44"
"175","Studio","Single Bed","6","3516","37",,"175","340"
"176","Suite","Single Bed","4","2613","14",,"176","480"
"177","Regular","Twin Bed","2","2494","43",,"177","410"
"178","Regular","Twin Bed","6","615","5",,"178","249"
"179","Regular","Single Bed","4","549","11",,"179","385"
"180","Regular","Twin Bed","3","3574","18",,"180","36"
"181","Regular","Queen Size Bed","3","1557","34",,"181","324"
"182","Regular","Twin Bed","5","664","7",,"182","1"
"183","Regular","Double Bed","6","3388","3",,"183","446"
"184","Studio","Queen Size Bed","5","2240","29",,"184","160"
"185","Regular","Twin Bed","3","4983","7",,"185","430"
"186","Studio","Single Bed","6","3156","16",,"186","91"
"187","Studio","Twin Bed","2","3318","23",,"187","190"
"188","Studio","Queen Size Bed","1","2263","33",,"188","375"
"189","Regular","Single Bed","5","846","12",,"189","82"
"190","Studio","Single Bed","4","4172","2",,"190","488"
"191","Regular","Single Bed","6","2534","27",,"191","293"
"192","Regular","Queen Size Bed","1","4020","48",,"192","403"
"193","Studio","Single Bed","6","4963","4",,"193","360"
"194","Studio","Single Bed","6","264","16",,"194","265"
"195","Regular","Queen Size Bed","2","4045","20",,"195","415"
"196","Studio","Twin Bed","6","2453","32",,"196","8"
"197","Regular","Twin Bed","5","3858","1",,"197","102"
"198","Studio","Twin Bed","5","2249","11",,"198","259"
"199","Regular","Double Bed","1","3981","31",,"199","439"
"200","Studio","Single Bed","3","4373","35",,"200","207"
"201","Suite","Double Bed","6","4378","3",,"201","17"
"202","Regular","Single Bed","2","2050","27",,"202","192"
"203","Regular","Twin Bed","2","4702","44",,"203","182"
"204","Studio","Double Bed","5","4938","27",,"204","214"
"205","Regular","Single Bed","2","1911","3",,"205","281"
"206","Villa","Queen Size Bed","4","3863","42",,"206","179"
"207","Regular","Twin Bed","4","4509","45",,"207","99"
"208","Studio","Queen Size Bed","5","4254","18",,"208","119"
"209","Regular","Single Bed","3","1747","25",,"209","459"
"210","Suite","Queen Size Bed","3","4543","25",,"210","258"
"211","Regular","Double Bed","3","3475","13",,"211","493"
"212","Regular","Twin Bed","5","221","26",,"212","324"
"213","Suite","Double Bed","4","512","20",,"213","293"
"214","Studio","Twin Bed","2","3568","36",,"214","380"
"215","Regular","Twin Bed","3","642","40",,"215","189"
"216","Regular","Twin Bed","4","2862","7",,"216","130"
"217","Studio","Twin Bed","6","1898","48",,"217","340"
"218","Studio","Single Bed","3","1115","43",,"218","459"
"219","Suite","Queen Size Bed","2","350","25",,"219","52"
"220","Presidential Suite","Double Bed","1","1534","15",,"220","453"
"221","Regular","Queen Size Bed","3","1527","22",,"221","146"
"222","Regular","Single Bed","2","1195","17",,"222","212"
"223","Regular","Twin Bed","6","469","21",,"223","246"
"224","Regular","Single Bed","3","1523","1",,"224","439"
"225","Regular","Single Bed","4","2449","3",,"225","440"
"226","Studio","Double Bed","6","1993","39",,"226","146"
"227","Villa","Twin Bed","2","3335","11",,"227","428"
"228","Regular","Queen Size Bed","6","1644","17",,"228","285"
"229","Regular","Single Bed","1","4641","7",,"229","174"
"230","Studio","Single Bed","3","565","48",,"230","12"
"231","Regular","Double Bed","6","1281","47",,"231","488"
"232","Regular","Single Bed","5","4736","45",,"232","115"
"233","Regular","Single Bed","5","1949","12",,"233","478"
"234","Regular","Queen Size Bed","5","2197","27",,"234","46"
"235","Regular","Double Bed","3","244","25",,"235","406"
"236","Studio","Queen Size Bed","2","2616","22",,"236","452"
"237","Regular","Queen Size Bed","1","3764","38",,"237","263"
"238","Studio","Queen Size Bed","6","4866","11",,"238","154"
"239","Suite","Single Bed","6","3371","17",,"239","360"
"240","Presidential Suite","Queen Size Bed","2","1311","44",,"240","205"
"241","Regular","Twin Bed","5","3489","8",,"241","369"
"242","Regular","Single Bed","6","2075","25",,"242","7"
"243","Presidential Suite","Single Bed","4","561","22",,"243","195"
"244","Regular","Twin Bed","6","2707","2",,"244","447"
"245","Villa","Queen Size Bed","2","2368","29",,"245","498"
"246","Regular","Double Bed","4","4770","50",,"246","149"
"247","Studio","Queen Size Bed","4","4383","22",,"247","415"
"248","Regular","Single Bed","3","2383","42",,"248","390"
"249","Studio","Single Bed","6","4730","39",,"249","167"
"250","Studio","Queen Size Bed","4","4966","17",,"250","197"
"251","Studio","Twin Bed","1","3378","13",,"251","191"
"252","Regular","Double Bed","4","3229","32",,"252","261"
"253","Regular","Queen Size Bed","6","4316","3",,"253","50"
"254","Regular","Queen Size Bed","3","4280","15",,"254","87"
"255","Studio","Twin Bed","1","4024","18",,"255","55"
"256","Regular","Single Bed","4","3629","21",,"256","232"
"257","Suite","Double Bed","6","268","35",,"257","475"
"258","Suite","Twin Bed","1","2785","23",,"258","133"
"259","Regular","Double Bed","5","4235","25",,"259","277"
"260","Studio","Single Bed","3","304","27",,"260","187"
"261","Regular","Queen Size Bed","2","1346","9",,"261","453"
"262","Studio","Queen Size Bed","3","1065","49",,"262","87"
"263","Studio","Double Bed","2","3476","5",,"263","393"
"264","Suite","Single Bed","4","4928","23",,"264","189"
"265","Regular","Queen Size Bed","4","2895","20",,"265","191"
"266","Regular","Twin Bed","4","2299","24",,"266","391"
"267","Studio","Twin Bed","1","178","15",,"267","102"
"268","Regular","Double Bed","4","1476","3",,"268","332"
"269","Villa","Single Bed","5","1321","29",,"269","4"
"270","Regular","Double Bed","2","2512","38",,"270","141"
"271","Regular","Single Bed","6","3168","26",,"271","347"
"272","Regular","Double Bed","6","169","39",,"272","94"
"273","Studio","Twin Bed","1","4607","35",,"273","251"
"274","Regular","Twin Bed","4","191","45",,"274","127"
"275","Studio","Double Bed","4","2143","0",,"275","214"
"276","Regular","Twin Bed","4","3262","9",,"276","158"
"277","Studio","Double Bed","4","632","41",,"277","64"
"278","Regular","Double Bed","1","3782","28",,"278","494"
"279","Suite","Double Bed","4","3894","36",,"279","499"
"280","Regular","Double Bed","2","2037","48",,"280","83"
"281","Regular","Twin Bed","6","2259","13",,"281","228"
"282","Studio","Queen Size Bed","3","1299","7",,"282","288"
"283","Studio","Queen Size Bed","5","4251","38",,"283","380"
"284","Regular","Queen Size Bed","4","2381","28",,"284","121"
"285","Suite","Twin Bed","6","533","32",,"285","386"
"286","Suite","Twin Bed","3","3531","16",,"286","256"
"287","Regular","Twin Bed","5","1582","50",,"287","317"
"288","Regular","Twin Bed","2","2917","34",,"288","219"
"289","Studio","Double Bed","2","1820","15",,"289","297"
"290","Studio","Twin Bed","5","2362","6",,"290","176"
"291","Studio","Twin Bed","1","2307","16",,"291","245"
"292","Suite","Queen Size Bed","5","3450","45",,"292","42"
"293","Regular","Queen Size Bed","3","853","48",,"293","331"
"294","Regular","Twin Bed","6","4748","15",,"294","381"
"295","Suite","Twin Bed","3","216","15",,"295","141"
"296","Regular","Double Bed","2","4757","39",,"296","478"
"297","Studio","Single Bed","3","287","36",,"297","162"
"298","Regular","Single Bed","3","2401","8",,"298","74"
"299","Villa","Double Bed","5","2331","15",,"299","455"
"300","Regular","Twin Bed","2","1908","2",,"300","175"
"301","Studio","Twin Bed","5","4852","29",,"301","461"
"302","Regular","Double Bed","2","3345","22",,"302","73"
"303","Studio","Twin Bed","4","313","19",,"303","148"
"304","Studio","Double Bed","4","4541","13",,"304","487"
"305","Villa","Single Bed","5","1730","27",,"305","278"
"306","Studio","Queen Size Bed","6","3839","32",,"306","243"
"307","Regular","Single Bed","2","4814","41",,"307","337"
"308","Villa","Single Bed","4","3254","20",,"308","131"
"309","Studio","Double Bed","2","1092","40",,"309","137"
"310","Regular","Double Bed","5","748","22",,"310","236"
"311","Villa","Double Bed","6","4791","10",,"311","173"
"312","Regular","Double Bed","3","1063","25",,"312","229"
"313","Presidential Suite","Single Bed","2","2894","32",,"313","449"
"314","Regular","Single Bed","2","2499","35",,"314","175"
"315","Studio","Twin Bed","1","2527","43",,"315","273"
"316","Studio","Twin Bed","1","1211","7",,"316","250"
"317","Regular","Single Bed","5","2552","18",,"317","483"
"318","Studio","Double Bed","2","3065","35",,"318","466"
"319","Regular","Double Bed","2","646","22",,"319","393"
"320","Studio","Queen Size Bed","3","2691","1",,"320","100"
"321","Regular","Queen Size Bed","5","3499","0",,"321","228"
"322","Studio","Twin Bed","5","2870","34",,"322","56"
"323","Villa","Queen Size Bed","2","4708","15",,"323","158"
"324","Studio","Queen Size Bed","2","4275","40",,"324","111"
"325","Regular","Single Bed","1","1163","15",,"325","488"
"326","Studio","Double Bed","6","4808","16",,"326","331"
"327","Studio","Double Bed","1","3350","39",,"327","105"
"328","Studio","Single Bed","6","2980","50",,"328","358"
"329","Regular","Twin Bed","6","2877","17",,"329","431"
"330","Presidential Suite","Double Bed","6","4422","23",,"330","327"
"331","Regular","Twin Bed","5","456","1",,"331","347"
"332","Villa","Twin Bed","5","2172","49",,"332","115"
"333","Studio","Double Bed","5","1745","25",,"333","485"
"334","Studio","Twin Bed","6","3972","2",,"334","73"
"335","Regular","Double Bed","3","1985","11",,"335","31"
"336","Studio","Twin Bed","3","3587","33",,"336","245"
"337","Studio","Twin Bed","6","3104","10",,"337","360"
"338","Studio","Double Bed","5","3755","29",,"338","40"
"339","Regular","Twin Bed","2","3554","20",,"339","35"
"340","Studio","Single Bed","6","335","46",,"340","36"
"341","Regular","Queen Size Bed","2","4315","0",,"341","377"
"342","Regular","Double Bed","1","2000","35",,"342","205"
"343","Presidential Suite","Double Bed","6","211","45",,"343","362"
"344","Studio","Double Bed","5","1089","17",,"344","66"
"345","Regular","Twin Bed","1","2365","2",,"345","112"
"346","Suite","Single Bed","2","142","50",,"346","85"
"347","Studio","Queen Size Bed","5","1063","37",,"347","378"
"348","Regular","Single Bed","6","3300","5",,"348","64"
"349","Studio","Double Bed","2","2604","11",,"349","302"
"350","Studio","Queen Size Bed","4","857","38",,"350","498"
"351","Regular","Single Bed","6","3884","41",,"351","271"
"352","Regular","Queen Size Bed","6","4500","18",,"352","236"
"353","Studio","Twin Bed","6","4076","2",,"353","413"
"354","Studio","Twin Bed","6","4273","10",,"354","90"
"355","Studio","Twin Bed","2","2658","5",,"355","34"
"356","Regular","Double Bed","5","4687","20",,"356","261"
"357","Regular","Double Bed","2","4139","14",,"357","198"
"358","Villa","Twin Bed","5","2403","24",,"358","251"
"359","Studio","Single Bed","1","1931","16",,"359","248"
"360","Presidential Suite","Double Bed","6","4601","45",,"360","194"
"361","Regular","Single Bed","5","3271","14",,"361","462"
"362","Presidential Suite","Twin Bed","6","2283","28",,"362","331"
"363","Villa","Twin Bed","1","2943","10",,"363","393"
"364","Regular","Single Bed","3","3657","42",,"364","146"
"365","Regular","Single Bed","2","3903","31",,"365","347"
"366","Studio","Queen Size Bed","1","4873","34",,"366","396"
"367","Regular","Queen Size Bed","1","337","10",,"367","398"
"368","Studio","Single Bed","2","2758","17",,"368","408"
"369","Regular","Twin Bed","1","1743","9",,"369","354"
"370","Regular","Twin Bed","4","3947","30",,"370","456"
"371","Studio","Double Bed","5","3519","10",,"371","127"
"372","Regular","Queen Size Bed","1","545","41",,"372","479"
"373","Studio","Single Bed","2","4835","16",,"373","171"
"374","Suite","Twin Bed","5","4156","6",,"374","490"
"375","Studio","Single Bed","6","3484","15",,"375","201"
"376","Studio","Twin Bed","1","968","47",,"376","128"
"377","Studio","Twin Bed","2","2270","13",,"377","30"
"378","Regular","Queen Size Bed","4","4937","5",,"378","382"
"379","Regular","Twin Bed","2","1252","1",,"379","248"
"380","Villa","Double Bed","1","1815","21",,"380","70"
"381","Regular","Queen Size Bed","4","3988","29",,"381","414"
"382","Villa","Queen Size Bed","5","3614","23",,"382","65"
"383","Regular","Twin Bed","2","4497","24",,"383","164"
"384","Regular","Single Bed","4","3383","5",,"384","453"
"385","Studio","Double Bed","1","1488","35",,"385","395"
"386","Regular","Single Bed","6","1218","32",,"386","387"
"387","Villa","Single Bed","1","3922","50",,"387","231"
"388","Presidential Suite","Double Bed","3","953","17",,"388","49"
"389","Regular","Single Bed","6","2611","36",,"389","306"
"390","Regular","Queen Size Bed","4","863","5",,"390","482"
"391","Studio","Single Bed","5","2891","36",,"391","227"
"392","Regular","Single Bed","6","236","44",,"392","476"
"393","Regular","Queen Size Bed","5","1605","32",,"393","466"
"394","Regular","Double Bed","3","1303","5",,"394","335"
"395","Regular","Queen Size Bed","4","2485","23",,"395","149"
"396","Regular","Single Bed","6","2853","43",,"396","22"
"397","Studio","Double Bed","4","3098","3",,"397","454"
"398","Regular","Single Bed","6","2842","15",,"398","220"
"399","Suite","Single Bed","3","2913","45",,"399","155"
"400","Studio","Single Bed","4","1499","10",,"400","490"
"401","Regular","Queen Size Bed","1","4995","49",,"401","214"
"402","Regular","Twin Bed","5","324","50",,"402","442"
"403","Studio","Double Bed","4","1450","28",,"403","426"
"404","Regular","Double Bed","5","3760","27",,"404","170"
"405","Regular","Queen Size Bed","5","1407","31",,"405","198"
"406","Studio","Queen Size Bed","6","487","42",,"406","72"
"407","Regular","Twin Bed","1","4848","7",,"407","90"
"408","Suite","Single Bed","4","3935","5",,"408","318"
"409","Studio","Double Bed","5","677","47",,"409","281"
"410","Regular","Twin Bed","5","2226","22",,"410","33"
"411","Regular","Twin Bed","3","2744","11",,"411","333"
"412","Villa","Double Bed","6","3790","11",,"412","348"
"413","Suite","Single Bed","6","3823","14",,"413","234"
"414","Suite","Twin Bed","2","4298","20",,"414","218"
"415","Studio","Twin Bed","5","1169","12",,"415","405"
"416","Presidential Suite","Queen Size Bed","6","4391","13",,"416","134"
"417","Presidential Suite","Queen Size Bed","5","1288","14",,"417","247"
"418","Regular","Single Bed","1","4019","2",,"418","354"
"419","Suite","Queen Size Bed","2","3664","7",,"419","293"
"420","Regular","Twin Bed","1","178","42",,"420","384"
"421","Presidential Suite","Double Bed","5","3491","38",,"421","191"
"422","Studio","Single Bed","4","4296","8",,"422","370"
"423","Regular","Twin Bed","3","3305","32",,"423","483"
"424","Regular","Double Bed","5","3029","36",,"424","63"
"425","Regular","Twin Bed","6","379","9",,"425","408"
"426","Villa","Double Bed","4","115","8",,"426","10"
"427","Studio","Double Bed","6","821","5",,"427","148"
"428","Regular","Twin Bed","4","982","10",,"428","238"
"429","Studio","Twin Bed","1","3525","40",,"429","373"
"430","Studio","Double Bed","6","3917","34",,"430","343"
"431","Regular","Double Bed","5","2149","44",,"431","369"
"432","Regular","Queen Size Bed","6","3185","11",,"432","287"
"433","Studio","Queen Size Bed","3","4591","34",,"433","284"
"434","Studio","Double Bed","5","3312","9",,"434","311"
"435","Studio","Queen Size Bed","6","1078","6",,"435","105"
"436","Studio","Queen Size Bed","4","3746","6",,"436","354"
"437","Studio","Single Bed","6","4438","50",,"437","210"
"438","Villa","Queen Size Bed","4","3046","38",,"438","119"
"439","Studio","Double Bed","1","1645","42",,"439","241"
"440","Regular","Twin Bed","4","3488","0",,"440","389"
"441","Suite","Queen Size Bed","3","121","31",,"441","52"
"442","Villa","Double Bed","5","1907","2",,"442","437"
"443","Studio","Double Bed","1","4074","1",,"443","162"
"444","Studio","Queen Size Bed","1","4536","15",,"444","1"
"445","Presidential Suite","Twin Bed","6","3102","11",,"445","165"
"446","Regular","Single Bed","5","3955","17",,"446","277"
"447","Regular","Double Bed","2","2464","24",,"447","482"
"448","Regular","Double Bed","5","2876","27",,"448","150"
"449","Studio","Single Bed","5","272","21",,"449","26"
"450","Regular","Twin Bed","2","4684","37",,"450","213"
"451","Regular","Double Bed","5","4559","24",,"451","199"
"452","Suite","Single Bed","6","1406","10",,"452","109"
"453","Suite","Double Bed","6","2519","37",,"453","88"
"454","Regular","Single Bed","2","3648","9",,"454","237"
"455","Regular","Single Bed","1","274","50",,"455","282"
"456","Regular","Queen Size Bed","6","451","49",,"456","31"
"457","Suite","Twin Bed","1","4992","14",,"457","171"
"458","Regular","Double Bed","2","1063","1",,"458","178"
"459","Regular","Twin Bed","3","1749","41",,"459","68"
"460","Regular","Double Bed","3","3302","0",,"460","387"
"461","Studio","Queen Size Bed","5","3921","26",,"461","296"
"462","Regular","Twin Bed","2","4006","21",,"462","351"
"463","Studio","Double Bed","1","1489","20",,"463","91"
"464","Studio","Double Bed","1","1385","39",,"464","32"
"465","Regular","Double Bed","1","4781","38",,"465","480"
"466","Studio","Twin Bed","1","2827","34",,"466","499"
"467","Regular","Single Bed","6","3888","36",,"467","130"
"468","Regular","Double Bed","6","4111","2",,"468","57"
"1118","Studio","Double Bed","6","1823","40",,,"44"
"1119","Regular","Queen Size Bed","6","1863","37",,,"488"
"1120","Studio","Double Bed","1","4364","11",,,"61"
"1121","Studio","Single Bed","6","1067","12",,,"237"
"1122","Studio","Single Bed","4","557","45",,,"148"
"1123","Studio","Single Bed","4","4673","17",,,"153"
"1124","Studio","Twin Bed","3","3030","28",,,"394"
"1125","Studio","Twin Bed","2","1110","6",,,"198"
"1126","Regular","Twin Bed","4","432","16",,,"225"
"1127","Studio","Twin Bed","1","4376","32",,,"398"
"1128","Regular","Twin Bed","6","3271","30",,,"12"
"1129","Regular","Single Bed","1","1006","5",,,"237"
"1130","Regular","Double Bed","3","2296","15",,,"229"
"1131","Regular","Single Bed","6","585","47",,,"45"
"1132","Suite","Double Bed","2","1212","42",,,"396"
"1133","Studio","Queen Size Bed","4","2287","49",,,"99"
"1134","Regular","Queen Size Bed","5","4409","42",,,"294"
"1135","Suite","Queen Size Bed","6","3521","49",,,"382"
"1136","Studio","Queen Size Bed","4","4032","38",,,"75"
"1137","Regular","Single Bed","3","2071","24",,,"385"
"1138","Studio","Twin Bed","5","1748","12",,,"88"
"1139","Suite","Single Bed","2","4596","31",,,"85"
"1140","Regular","Twin Bed","4","2075","38",,,"442"
"1141","Studio","Single Bed","5","1337","7",,,"171"
"1142","Regular","Double Bed","4","626","11",,,"454"
"1143","Regular","Twin Bed","4","3352","45",,,"455"
"1144","Studio","Single Bed","6","2135","47",,,"195"
"1145","Studio","Twin Bed","6","421","8",,,"254"
"1146","Studio","Double Bed","1","2185","5",,,"91"
"1147","Regular","Twin Bed","1","3180","26",,,"250"
"1148","Studio","Twin Bed","4","382","37",,,"33"
"1149","Regular","Single Bed","6","1609","12",,,"118"
"1150","Studio","Single Bed","2","3337","1",,,"44"
"1151","Studio","Double Bed","6","3819","6",,,"332"
"1152","Regular","Queen Size Bed","6","2348","45",,,"276"
"1153","Studio","Twin Bed","3","1993","47",,,"465"
"1154","Regular","Double Bed","4","3023","39",,,"475"
"1155","Studio","Double Bed","1","4714","4",,,"141"
"1156","Regular","Twin Bed","4","4992","26",,,"494"
"1157","Studio","Twin Bed","1","696","36",,,"420"
"1158","Suite","Double Bed","6","2791","16",,,"217"
"1159","Studio","Queen Size Bed","1","1686","26",,,"384"
"1160","Regular","Double Bed","3","1560","14",,,"162"
"1161","Studio","Queen Size Bed","3","276","26",,,"292"
"1162","Studio","Single Bed","2","735","24",,,"288"
"1163","Regular","Double Bed","5","787","39",,,"217"
"1164","Studio","Single Bed","4","1510","17",,,"296"
"1165","Suite","Queen Size Bed","2","1444","42",,,"12"
"1166","Studio","Twin Bed","4","2438","19",,,"279"
"1167","Regular","Twin Bed","2","3772","25",,,"465"
"1168","Suite","Single Bed","3","2387","33",,,"316"
"1169","Studio","Twin Bed","3","4470","0",,,"63"
"1170","Studio","Single Bed","2","3672","12",,,"177"
"1171","Studio","Queen Size Bed","5","464","49",,,"208"
"1172","Regular","Double Bed","1","2557","39",,,"308"
"1173","Regular","Queen Size Bed","6","3369","12",,,"248"
"1174","Studio","Twin Bed","4","4340","27",,,"44"
"1175","Regular","Queen Size Bed","5","1610","18",,,"340"
"1176","Studio","Queen Size Bed","3","2720","8",,,"480"
"1177","Regular","Double Bed","4","1277","46",,,"410"
"1178","Regular","Queen Size Bed","2","2534","30",,,"249"
"1179","Regular","Double Bed","4","2108","42",,,"385"
"1180","Regular","Single Bed","5","656","48",,,"36"
"1181","Studio","Queen Size Bed","1","2420","24",,,"324"
"1182","Regular","Single Bed","4","3095","15",,,"1"
"1183","Regular","Double Bed","6","2474","3",,,"446"
"1184","Studio","Twin Bed","6","1768","11",,,"160"
"1185","Studio","Twin Bed","6","1174","41",,,"430"
"1186","Regular","Queen Size Bed","5","1848","5",,,"91"
"1187","Studio","Queen Size Bed","5","1402","30",,,"190"
"1188","Regular","Single Bed","1","4964","10",,,"375"
"1189","Studio","Queen Size Bed","5","2066","29",,,"82"
"1190","Studio","Double Bed","5","2041","44",,,"488"
"1191","Regular","Twin Bed","1","3879","7",,,"293"
"1192","Studio","Twin Bed","5","4467","3",,,"403"
"1193","Studio","Single Bed","6","1640","18",,,"360"
"1194","Regular","Queen Size Bed","4","1090","48",,,"265"
"1195","Presidential Suite","Double Bed","1","4721","49",,,"415"
"1196","Regular","Single Bed","3","4599","23",,,"8"
"1197","Studio","Single Bed","4","3345","50",,,"102"
"1198","Studio","Queen Size Bed","2","268","29",,,"259"
"1199","Regular","Twin Bed","6","2889","48",,,"439"
"1200","Regular","Twin Bed","5","3477","1",,,"207"
"1201","Regular","Queen Size Bed","4","4170","30",,,"17"
"1202","Suite","Double Bed","6","735","23",,,"192"
"1203","Regular","Single Bed","3","4480","50",,,"182"
"1204","Villa","Twin Bed","1","4664","15",,,"214"
"1205","Studio","Twin Bed","6","4398","8",,,"281"
"1206","Studio","Queen Size Bed","6","3611","36",,,"179"
"1207","Regular","Twin Bed","3","3046","48",,,"99"
"1208","Regular","Single Bed","3","2361","46",,,"119"
"1209","Regular","Double Bed","3","3142","18",,,"459"
"1210","Regular","Queen Size Bed","6","2453","9",,,"258"
"1211","Regular","Twin Bed","4","1248","37",,,"493"
"1212","Studio","Double Bed","5","3859","48",,,"324"
"1213","Suite","Queen Size Bed","3","4488","34",,,"293"
"1214","Presidential Suite","Single Bed","4","990","38",,,"380"
"1215","Regular","Twin Bed","2","1894","5",,,"189"
"1216","Studio","Single Bed","1","621","46",,,"130"
"1217","Regular","Single Bed","6","844","14",,,"340"
"1218","Regular","Single Bed","6","1416","19",,,"459"
"1219","Studio","Queen Size Bed","4","814","2",,,"52"
"1220","Regular","Single Bed","3","2386","16",,,"453"
"1221","Regular","Queen Size Bed","6","468","40",,,"146"
"1222","Regular","Single Bed","6","4966","24",,,"212"
"1223","Regular","Single Bed","1","4775","30",,,"246"
"1224","Regular","Single Bed","3","1795","7",,,"439"
"1225","Studio","Double Bed","6","3383","49",,,"440"
"1226","Regular","Double Bed","3","2320","15",,,"146"
"1227","Suite","Twin Bed","4","4503","9",,,"428"
"1228","Studio","Single Bed","1","3528","20",,,"285"
"1229","Regular","Twin Bed","1","2852","12",,,"174"
"1230","Suite","Single Bed","2","3146","23",,,"12"
"1231","Regular","Twin Bed","6","264","47",,,"488"
"1232","Studio","Queen Size Bed","2","3470","38",,,"115"
"1233","Studio","Single Bed","2","2275","11",,,"478"
"1234","Villa","Double Bed","6","1877","32",,,"46"
"1235","Regular","Queen Size Bed","4","3736","15",,,"406"
"1236","Regular","Single Bed","1","559","18",,,"452"
"1237","Suite","Double Bed","6","3608","43",,,"263"
"1238","Regular","Queen Size Bed","2","3100","44",,,"154"
"1239","Regular","Twin Bed","1","1707","9",,,"360"
"1240","Studio","Queen Size Bed","2","3473","12",,,"205"
"1241","Regular","Double Bed","2","2649","39",,,"369"
"1242","Regular","Queen Size Bed","2","2259","38",,,"7"
"1243","Regular","Queen Size Bed","5","3976","38",,,"195"
"1244","Studio","Queen Size Bed","2","1326","21",,,"447"
"1245","Studio","Double Bed","6","4549","32",,,"498"
"1246","Regular","Queen Size Bed","5","3272","19",,,"149"
"1247","Studio","Twin Bed","5","1033","0",,,"415"
"1248","Suite","Double Bed","4","2903","10",,,"390"
"1249","Regular","Twin Bed","4","4193","45",,,"167"
"1250","Presidential Suite","Double Bed","5","976","35",,,"197"
"1251","Regular","Single Bed","2","2006","19",,,"191"
"1252","Regular","Twin Bed","6","2878","24",,,"261"
"1253","Regular","Double Bed","5","4475","43",,,"50"
"1254","Suite","Twin Bed","1","896","14",,,"87"
"1255","Regular","Double Bed","6","839","21",,,"55"
"1256","Regular","Double Bed","5","4891","14",,,"232"
"1257","Regular","Queen Size Bed","1","1475","20",,,"475"
"1258","Regular","Twin Bed","4","4616","17",,,"133"
"1259","Regular","Twin Bed","3","2881","49",,,"277"
"1260","Suite","Double Bed","3","3809","38",,,"187"
"1261","Studio","Queen Size Bed","2","488","50",,,"453"
"1262","Regular","Double Bed","3","3262","36",,,"87"
"1263","Regular","Queen Size Bed","5","1647","44",,,"393"
"1264","Regular","Double Bed","1","1452","49",,,"189"
"1265","Regular","Single Bed","1","1809","45",,,"191"
"1266","Regular","Single Bed","5","4199","12",,,"391"
"1267","Regular","Twin Bed","1","3675","32",,,"102"
"1268","Regular","Twin Bed","4","4524","28",,,"332"
"1269","Regular","Single Bed","4","2596","19",,,"4"
"1270","Regular","Twin Bed","4","1751","24",,,"141"
"1271","Suite","Single Bed","4","3846","39",,,"347"
"1272","Studio","Queen Size Bed","6","905","13",,,"94"
"1273","Regular","Double Bed","3","1425","17",,,"251"
"1274","Regular","Twin Bed","4","3855","1",,,"127"
"1275","Studio","Queen Size Bed","3","3227","45",,,"214"
"1276","Studio","Single Bed","3","3529","28",,,"158"
"1277","Regular","Double Bed","6","4464","28",,,"64"
"1278","Villa","Single Bed","5","927","17",,,"494"
"1279","Regular","Single Bed","3","2287","13",,,"499"
"1280","Regular","Double Bed","4","1810","32",,,"83"
"1281","Studio","Queen Size Bed","5","2339","0",,,"228"
"1282","Presidential Suite","Double Bed","5","1709","31",,,"288"
"1283","Regular","Single Bed","2","2885","10",,,"380"
"1284","Regular","Twin Bed","3","2091","29",,,"121"
"1285","Suite","Twin Bed","5","3035","17",,,"386"
"1286","Regular","Twin Bed","2","163","43",,,"256"
"1287","Studio","Double Bed","3","3461","1",,,"317"
"1288","Suite","Single Bed","2","4202","45",,,"219"
"1289","Regular","Double Bed","2","4895","14",,,"297"
"1290","Regular","Double Bed","5","2919","36",,,"176"
"1291","Regular","Double Bed","2","335","47",,,"245"
"1292","Studio","Queen Size Bed","3","3874","20",,,"42"
"1293","Studio","Twin Bed","6","3948","25",,,"331"
"1294","Regular","Single Bed","6","1306","23",,,"381"
"1295","Regular","Queen Size Bed","3","4019","19",,,"141"
"1296","Regular","Double Bed","4","3152","43",,,"478"
"1297","Regular","Twin Bed","3","1596","38",,,"162"
"1298","Presidential Suite","Queen Size Bed","3","4357","9",,,"74"
"1299","Regular","Twin Bed","3","4951","10",,,"455"
"1300","Studio","Single Bed","1","1349","33",,,"175"
"1301","Regular","Double Bed","1","3640","10",,,"461"
"1302","Studio","Twin Bed","1","491","41",,,"73"
"1303","Presidential Suite","Single Bed","1","946","48",,,"148"
"1304","Regular","Double Bed","3","4716","33",,,"487"
"1305","Regular","Queen Size Bed","3","2061","16",,,"278"
"1306","Regular","Queen Size Bed","2","2779","4",,,"243"
"1307","Studio","Double Bed","4","146","1",,,"337"
"1308","Regular","Twin Bed","3","1541","3",,,"131"
"1309","Suite","Twin Bed","2","4839","30",,,"137"
"1310","Studio","Single Bed","1","1463","50",,,"236"
"1311","Regular","Twin Bed","4","2068","7",,,"173"
"1312","Regular","Double Bed","4","4116","33",,,"229"
"1313","Studio","Double Bed","2","3881","36",,,"449"
"1314","Regular","Single Bed","5","1073","40",,,"175"
"1315","Studio","Double Bed","4","746","25",,,"273"
"1316","Regular","Queen Size Bed","3","4050","5",,,"250"
"1317","Studio","Double Bed","5","1488","29",,,"483"
"1318","Regular","Queen Size Bed","3","3551","33",,,"466"
"1319","Regular","Single Bed","6","4730","22",,,"393"
"1320","Regular","Single Bed","3","4170","8",,,"100"
"1321","Regular","Twin Bed","2","2951","34",,,"228"
"1322","Regular","Single Bed","6","2697","45",,,"56"
"1323","Regular","Double Bed","5","708","16",,,"158"
"1324","Studio","Twin Bed","4","132","5",,,"111"
"1325","Regular","Double Bed","1","1404","11",,,"488"
"1326","Regular","Double Bed","3","407","33",,,"331"
"1327","Regular","Twin Bed","3","4908","6",,,"105"
"1328","Studio","Single Bed","3","2389","36",,,"358"
"1329","Studio","Queen Size Bed","6","4177","17",,,"431"
"1330","Regular","Twin Bed","5","2970","33",,,"327"
"1331","Regular","Single Bed","1","4722","7",,,"347"
"1332","Regular","Queen Size Bed","3","4290","8",,,"115"
"1333","Regular","Single Bed","1","2773","47",,,"485"
"1334","Presidential Suite","Double Bed","1","4030","30",,,"73"
"1335","Regular","Twin Bed","5","109","49",,,"31"
"1336","Suite","Single Bed","5","3724","49",,,"245"
"1337","Regular","Queen Size Bed","6","1447","19",,,"360"
"1338","Regular","Queen Size Bed","1","2806","36",,,"40"
"1339","Studio","Queen Size Bed","3","1714","26",,,"35"
"1340","Regular","Double Bed","6","381","45",,,"36"
"1341","Studio","Queen Size Bed","1","3197","23",,,"377"
"1342","Suite","Double Bed","3","2434","21",,,"205"
"1343","Studio","Twin Bed","2","123","24",,,"362"
"1344","Regular","Single Bed","4","3259","33",,,"66"
"1345","Regular","Single Bed","4","2156","16",,,"112"
"1346","Regular","Twin Bed","3","618","36",,,"85"
"1347","Regular","Single Bed","6","4870","29",,,"378"
"1348","Studio","Single Bed","1","563","36",,,"64"
"1349","Villa","Queen Size Bed","5","1932","32",,,"302"
"1350","Regular","Queen Size Bed","6","4008","30",,,"498"
"1351","Regular","Queen Size Bed","3","3700","48",,,"271"
"1352","Studio","Single Bed","1","1529","43",,,"236"
"1353","Suite","Twin Bed","1","1747","10",,,"413"
"1354","Studio","Single Bed","3","866","50",,,"90"
"1355","Regular","Double Bed","5","1343","5",,,"34"
"1356","Regular","Single Bed","1","303","4",,,"261"
"1357","Studio","Double Bed","3","3315","38",,,"198"
"1358","Studio","Double Bed","3","3404","36",,,"251"
"1359","Suite","Double Bed","1","1221","35",,,"248"
"1360","Studio","Twin Bed","1","3746","49",,,"194"
"1361","Regular","Single Bed","2","2985","0",,,"462"
"1362","Regular","Queen Size Bed","6","388","9",,,"331"
"1363","Regular","Queen Size Bed","3","1873","41",,,"393"
"1364","Studio","Double Bed","4","4523","0",,,"146"
"1365","Regular","Queen Size Bed","2","2403","2",,,"347"
"1366","Regular","Single Bed","5","3889","35",,,"396"
"1367","Regular","Queen Size Bed","3","2857","39",,,"398"
"1368","Studio","Queen Size Bed","2","3598","13",,,"408"
"1369","Suite","Single Bed","5","1811","34",,,"354"
"1370","Regular","Single Bed","1","1717","28",,,"456"
"1371","Regular","Double Bed","4","1301","30",,,"127"
"1372","Regular","Queen Size Bed","2","3689","39",,,"479"
"1373","Presidential Suite","Double Bed","4","2565","46",,,"171"
"1374","Presidential Suite","Queen Size Bed","2","129","13",,,"490"
"1375","Regular","Queen Size Bed","6","2714","31",,,"201"
"1376","Regular","Twin Bed","3","4958","44",,,"128"
"1377","Studio","Single Bed","5","3860","40",,,"30"
"1378","Studio","Single Bed","2","2439","30",,,"382"
"1379","Regular","Double Bed","4","1016","39",,,"248"
"1380","Studio","Single Bed","3","252","44",,,"70"
"1381","Regular","Twin Bed","5","565","31",,,"414"
"1382","Studio","Twin Bed","3","4036","26",,,"65"
"1383","Presidential Suite","Single Bed","4","905","18",,,"164"
"1384","Regular","Double Bed","1","1068","8",,,"453"
"1385","Studio","Double Bed","6","4792","9",,,"395"
"1386","Regular","Queen Size Bed","6","4218","34",,,"387"
"1387","Regular","Twin Bed","2","3623","35",,,"231"
"1388","Regular","Twin Bed","6","1913","15",,,"49"
"1389","Villa","Twin Bed","6","2552","41",,,"306"
"1390","Regular","Single Bed","1","4904","4",,,"482"
"1391","Regular","Double Bed","3","4040","5",,,"227"
"1392","Regular","Double Bed","1","3074","5",,,"476"
"1393","Presidential Suite","Single Bed","3","2005","29",,,"466"
"1394","Regular","Double Bed","1","1219","41",,,"335"
"1395","Regular","Twin Bed","3","3667","49",,,"149"
"1396","Regular","Single Bed","3","1037","16",,,"22"
"1397","Villa","Queen Size Bed","6","4696","2",,,"454"
"1398","Studio","Single Bed","5","2502","48",,,"220"
"1399","Suite","Double Bed","3","4525","45",,,"155"
"1400","Regular","Twin Bed","4","328","38",,,"490"
"1401","Studio","Double Bed","1","4721","49",,,"214"
"1402","Regular","Single Bed","6","3105","41",,,"442"
"1403","Suite","Queen Size Bed","2","3473","24",,,"426"
"1404","Regular","Single Bed","5","666","29",,,"170"
"1405","Regular","Queen Size Bed","3","3052","39",,,"198"
"1406","Studio","Single Bed","1","4820","18",,,"72"
"1407","Regular","Double Bed","4","2312","50",,,"90"
"1408","Studio","Single Bed","3","2635","13",,,"318"
"1409","Regular","Queen Size Bed","6","3386","45",,,"281"
"1410","Regular","Double Bed","2","1621","39",,,"33"
"1411","Regular","Queen Size Bed","4","2632","34",,,"333"
"1412","Villa","Single Bed","1","161","25",,,"348"
"1413","Villa","Double Bed","5","4147","3",,,"234"
"1414","Regular","Double Bed","5","3744","40",,,"218"
"1415","Regular","Queen Size Bed","1","3329","22",,,"405"
"1416","Regular","Twin Bed","1","1080","7",,,"134"
"1417","Regular","Single Bed","3","2775","10",,,"247"
"1418","Studio","Queen Size Bed","6","4920","29",,,"354"
"1419","Villa","Queen Size Bed","5","696","26",,,"293"
"1420","Regular","Twin Bed","2","2131","24",,,"384"
"1421","Regular","Queen Size Bed","1","1842","6",,,"191"
"1422","Regular","Queen Size Bed","3","821","6",,,"370"
"1423","Studio","Twin Bed","2","2045","50",,,"483"
"1424","Regular","Twin Bed","3","1604","29",,,"63"
"1425","Regular","Single Bed","1","1434","0",,,"408"
"1426","Regular","Twin Bed","3","3791","10",,,"10"
"1427","Studio","Twin Bed","4","1876","37",,,"148"
"1428","Studio","Single Bed","2","1774","24",,,"238"
"1429","Presidential Suite","Single Bed","3","955","42",,,"373"
"1430","Studio","Queen Size Bed","2","3408","35",,,"343"
"1431","Regular","Double Bed","3","2770","28",,,"369"
"1432","Regular","Double Bed","4","4182","1",,,"287"
"1433","Regular","Single Bed","5","2296","38",,,"284"
"1434","Regular","Twin Bed","1","102","9",,,"311"
"1435","Villa","Single Bed","5","365","16",,,"105"
"1436","Regular","Queen Size Bed","4","3018","25",,,"354"
"1437","Regular","Double Bed","1","4307","41",,,"210"
"1438","Studio","Double Bed","5","704","31",,,"119"
"1439","Regular","Twin Bed","1","566","11",,,"241"
"1440","Studio","Queen Size Bed","4","2488","1",,,"389"
"1441","Studio","Queen Size Bed","5","4736","30",,,"52"
"1442","Studio","Queen Size Bed","2","4799","17",,,"437"
"1443","Regular","Single Bed","2","958","13",,,"162"
"1444","Studio","Queen Size Bed","4","3268","49",,,"1"
"1445","Regular","Twin Bed","5","3919","18",,,"165"
"1446","Studio","Double Bed","6","4414","7",,,"277"
"1447","Studio","Queen Size Bed","6","2970","26",,,"482"
"1448","Studio","Twin Bed","6","4497","12",,,"150"
"1449","Studio","Twin Bed","2","4303","28",,,"26"
"1450","Presidential Suite","Single Bed","2","3151","48",,,"213"
"1451","Presidential Suite","Queen Size Bed","2","1068","37",,,"199"
"1452","Studio","Twin Bed","2","4732","10",,,"109"
"1453","Studio","Queen Size Bed","3","2399","23",,,"88"
"1454","Studio","Double Bed","3","280","24",,,"237"
"1455","Studio","Twin Bed","2","1038","22",,,"282"
"1456","Regular","Queen Size Bed","2","960","30",,,"31"
"1457","Regular","Queen Size Bed","2","2738","13",,,"171"
"1458","Regular","Single Bed","2","740","39",,,"178"
"1459","Presidential Suite","Double Bed","1","3140","15",,,"68"
"1460","Studio","Queen Size Bed","1","4028","1",,,"387"
"1461","Regular","Double Bed","5","4830","3",,,"296"
"1462","Regular","Queen Size Bed","5","3022","28",,,"351"
"1463","Regular","Twin Bed","3","911","45",,,"91"
"1464","Studio","Double Bed","5","4447","35",,,"32"
"1465","Studio","Twin Bed","1","920","38",,,"480"
"1466","Studio","Single Bed","5","3291","27",,,"499"
"1467","Regular","Double Bed","1","1875","28",,,"130"
"1468","Regular","Double Bed","3","4892","50",,,"57"
"1469","Regular","Double Bed","6","3357","12",,,"202"
"1470","Regular","Queen Size Bed","4","4419","36",,,"102"
"1471","Suite","Twin Bed","6","1544","39",,,"62"
"1472","Studio","Queen Size Bed","6","2310","5",,,"7"
"1473","Regular","Double Bed","1","1769","12",,,"202"
"1474","Regular","Queen Size Bed","1","2248","3",,,"95"
"1475","Regular","Single Bed","6","1125","35",,,"300"
"1476","Regular","Twin Bed","2","3870","39",,,"238"
"1477","Regular","Double Bed","6","4966","48",,,"41"
"1478","Studio","Queen Size Bed","4","3717","47",,,"222"
"1479","Regular","Twin Bed","4","482","10",,,"117"
"1480","Studio","Double Bed","2","3987","47",,,"481"
"1481","Regular","Single Bed","5","1704","3",,,"332"
"1482","Regular","Twin Bed","3","1410","40",,,"11"
"1483","Regular","Queen Size Bed","4","4008","1",,,"312"
"1484","Studio","Queen Size Bed","2","2230","23",,,"18"
"1485","Regular","Double Bed","1","4297","26",,,"149"
"1486","Regular","Twin Bed","4","219","26",,,"339"
"1487","Studio","Twin Bed","5","4805","33",,,"490"
"1488","Regular","Single Bed","2","4106","3",,,"40"
"1489","Regular","Double Bed","6","2839","28",,,"495"
"1490","Regular","Double Bed","3","788","32",,,"495"
"1491","Studio","Twin Bed","4","1969","45",,,"152"
"1492","Studio","Twin Bed","4","2461","9",,,"304"
"1493","Regular","Queen Size Bed","4","2594","49",,,"384"
"1494","Studio","Twin Bed","1","902","33",,,"47"
"1495","Regular","Single Bed","5","1546","28",,,"58"
"1496","Regular","Double Bed","2","1020","39",,,"134"
"1497","Regular","Single Bed","3","3111","47",,,"468"
"1498","Regular","Double Bed","2","3750","48",,,"209"
"1499","Studio","Single Bed","5","3962","37",,,"250"
"1500","Regular","Twin Bed","3","845","4",,,"416"
"793","Presidential Suite","Single Bed","4","4253","2",,,"331"
"794","Studio","Single Bed","2","2170","0",,,"381"
"795","Presidential Suite","Double Bed","4","1049","50",,,"141"
"796","Regular","Queen Size Bed","6","2651","7",,,"478"
"797","Suite","Twin Bed","6","3524","25",,,"162"
"798","Studio","Twin Bed","2","1665","42",,,"74"
"799","Regular","Queen Size Bed","6","1093","13",,,"455"
"800","Regular","Twin Bed","3","2002","39",,,"175"
"801","Regular","Single Bed","3","3988","36",,,"461"
"802","Regular","Queen Size Bed","6","2219","49",,,"73"
"803","Regular","Twin Bed","6","422","33",,,"148"
"804","Regular","Single Bed","2","3493","37",,,"487"
"805","Regular","Single Bed","5","4888","46",,,"278"
"806","Regular","Double Bed","3","2214","0",,,"243"
"807","Studio","Twin Bed","4","510","2",,,"337"
"808","Studio","Queen Size Bed","2","788","47",,,"131"
"809","Regular","Single Bed","6","4249","15",,,"137"
"810","Regular","Queen Size Bed","1","636","11",,,"236"
"811","Regular","Queen Size Bed","6","1101","49",,,"173"
"812","Studio","Single Bed","5","1655","7",,,"229"
"813","Regular","Double Bed","6","4242","40",,,"449"
"814","Studio","Single Bed","3","1830","47",,,"175"
"815","Regular","Queen Size Bed","4","3868","33",,,"273"
"816","Regular","Single Bed","6","2156","4",,,"250"
"817","Studio","Twin Bed","2","3812","47",,,"483"
"818","Villa","Queen Size Bed","2","696","26",,,"466"
"819","Suite","Double Bed","3","3654","48",,,"393"
"820","Studio","Twin Bed","1","4193","6",,,"100"
"821","Studio","Queen Size Bed","6","4300","26",,,"228"
"822","Regular","Single Bed","1","2470","11",,,"56"
"823","Regular","Double Bed","4","1725","0",,,"158"
"824","Villa","Queen Size Bed","6","1830","46",,,"111"
"825","Regular","Queen Size Bed","4","892","41",,,"488"
"826","Studio","Double Bed","5","1284","25",,,"331"
"827","Presidential Suite","Queen Size Bed","6","2784","0",,,"105"
"828","Regular","Twin Bed","6","4984","4",,,"358"
"829","Studio","Single Bed","2","4883","33",,,"431"
"830","Suite","Double Bed","6","2791","33",,,"327"
"831","Studio","Double Bed","5","772","35",,,"347"
"832","Regular","Single Bed","1","3671","12",,,"115"
"833","Presidential Suite","Single Bed","3","4010","46",,,"485"
"834","Villa","Queen Size Bed","6","2309","41",,,"73"
"835","Regular","Single Bed","5","4815","50",,,"31"
"836","Regular","Queen Size Bed","4","182","18",,,"245"
"837","Suite","Double Bed","4","1997","31",,,"360"
"838","Regular","Double Bed","5","4430","1",,,"40"
"839","Studio","Single Bed","1","1657","35",,,"35"
"840","Suite","Twin Bed","2","2068","33",,,"36"
"841","Regular","Single Bed","2","3113","20",,,"377"
"842","Studio","Single Bed","3","3624","12",,,"205"
"843","Regular","Queen Size Bed","6","3978","48",,,"362"
"844","Regular","Single Bed","4","4004","49",,,"66"
"845","Regular","Queen Size Bed","4","2077","13",,,"112"
"846","Regular","Single Bed","2","1047","14",,,"85"
"847","Regular","Double Bed","6","1828","6",,,"378"
"848","Regular","Queen Size Bed","2","2875","40",,,"64"
"849","Regular","Single Bed","3","4969","8",,,"302"
"850","Regular","Single Bed","4","4852","25",,,"498"
"851","Studio","Double Bed","6","3085","5",,,"271"
"852","Studio","Queen Size Bed","3","3929","13",,,"236"
"853","Studio","Queen Size Bed","6","1601","14",,,"413"
"854","Regular","Single Bed","4","535","32",,,"90"
"855","Studio","Double Bed","2","2523","17",,,"34"
"856","Studio","Twin Bed","6","3551","34",,,"261"
"857","Studio","Double Bed","5","2839","44",,,"198"
"858","Regular","Single Bed","3","3531","9",,,"251"
"859","Regular","Single Bed","1","304","39",,,"248"
"860","Villa","Single Bed","5","1558","2",,,"194"
"861","Presidential Suite","Twin Bed","5","1033","38",,,"462"
"862","Regular","Single Bed","4","4237","0",,,"331"
"863","Regular","Twin Bed","4","2604","26",,,"393"
"864","Regular","Single Bed","4","2165","18",,,"146"
"865","Suite","Queen Size Bed","4","1434","33",,,"347"
"866","Regular","Twin Bed","1","3564","12",,,"396"
"867","Regular","Double Bed","3","2303","30",,,"398"
"868","Regular","Single Bed","6","3728","39",,,"408"
"869","Suite","Single Bed","4","329","47",,,"354"
"870","Regular","Twin Bed","5","3611","18",,,"456"
"871","Regular","Double Bed","2","3919","40",,,"127"
"872","Studio","Queen Size Bed","6","3920","24",,,"479"
"873","Regular","Twin Bed","6","3642","19",,,"171"
"874","Studio","Twin Bed","2","4061","49",,,"490"
"875","Regular","Single Bed","1","1769","14",,,"201"
"876","Villa","Queen Size Bed","2","2909","32",,,"128"
"877","Regular","Queen Size Bed","6","388","8",,,"30"
"878","Villa","Twin Bed","6","3360","12",,,"382"
"879","Studio","Queen Size Bed","6","4497","45",,,"248"
"880","Regular","Double Bed","3","2835","36",,,"70"
"881","Studio","Single Bed","4","2891","44",,,"414"
"882","Regular","Queen Size Bed","5","2545","16",,,"65"
"883","Regular","Twin Bed","5","606","36",,,"164"
"884","Suite","Twin Bed","2","3808","19",,,"453"
"885","Regular","Twin Bed","3","594","34",,,"395"
"886","Regular","Single Bed","6","3495","36",,,"387"
"887","Suite","Double Bed","2","3771","20",,,"231"
"888","Villa","Queen Size Bed","2","4789","18",,,"49"
"889","Suite","Queen Size Bed","2","1893","36",,,"306"
"890","Regular","Queen Size Bed","3","2627","8",,,"482"
"891","Regular","Double Bed","2","343","49",,,"227"
"892","Suite","Double Bed","5","4102","42",,,"476"
"893","Regular","Double Bed","1","1918","23",,,"466"
"894","Regular","Single Bed","6","2642","29",,,"335"
"895","Studio","Double Bed","4","1070","10",,,"149"
"896","Regular","Twin Bed","6","556","17",,,"22"
"897","Suite","Queen Size Bed","5","2679","46",,,"454"
"898","Regular","Twin Bed","5","3551","7",,,"220"
"899","Suite","Twin Bed","3","191","45",,,"155"
"900","Studio","Double Bed","3","2578","43",,,"490"
"901","Studio","Single Bed","2","796","22",,,"214"
"902","Presidential Suite","Queen Size Bed","1","4492","14",,,"442"
"903","Regular","Single Bed","2","3805","50",,,"426"
"904","Studio","Twin Bed","5","3081","4",,,"170"
"905","Regular","Single Bed","2","3998","17",,,"198"
"906","Regular","Queen Size Bed","3","2591","29",,,"72"
"907","Regular","Double Bed","1","2143","11",,,"90"
"908","Suite","Double Bed","4","3880","45",,,"318"
"909","Regular","Twin Bed","4","2136","49",,,"281"
"910","Villa","Twin Bed","2","2158","11",,,"33"
"911","Studio","Queen Size Bed","6","3659","17",,,"333"
"912","Regular","Queen Size Bed","4","2032","9",,,"348"
"913","Regular","Single Bed","5","561","28",,,"234"
"914","Regular","Queen Size Bed","3","3075","38",,,"218"
"915","Regular","Double Bed","2","686","2",,,"405"
"916","Regular","Double Bed","2","3635","45",,,"134"
"917","Regular","Double Bed","6","4570","3",,,"247"
"918","Regular","Queen Size Bed","3","4764","29",,,"354"
"919","Studio","Double Bed","6","620","49",,,"293"
"920","Villa","Queen Size Bed","6","4105","16",,,"384"
"921","Villa","Single Bed","3","3517","30",,,"191"
"922","Studio","Twin Bed","2","280","30",,,"370"
"923","Presidential Suite","Single Bed","6","2177","1",,,"483"
"924","Regular","Queen Size Bed","5","3187","28",,,"63"
"925","Regular","Single Bed","5","3690","34",,,"408"
"926","Regular","Double Bed","6","677","7",,,"10"
"927","Regular","Single Bed","3","3401","28",,,"148"
"928","Regular","Single Bed","3","1463","27",,,"238"
"929","Studio","Double Bed","3","3228","2",,,"373"
"930","Suite","Queen Size Bed","6","4614","30",,,"343"
"931","Studio","Double Bed","1","3049","5",,,"369"
"932","Studio","Twin Bed","2","424","21",,,"287"
"933","Suite","Double Bed","3","1698","50",,,"284"
"934","Regular","Twin Bed","5","2178","37",,,"311"
"935","Studio","Queen Size Bed","3","1754","25",,,"105"
"936","Studio","Single Bed","3","2044","39",,,"354"
"937","Villa","Queen Size Bed","4","3324","48",,,"210"
"938","Suite","Single Bed","6","515","6",,,"119"
"939","Regular","Double Bed","3","3077","13",,,"241"
"940","Regular","Queen Size Bed","2","3297","23",,,"389"
"941","Presidential Suite","Single Bed","2","626","42",,,"52"
"942","Studio","Single Bed","4","3594","50",,,"437"
"943","Regular","Twin Bed","2","4859","44",,,"162"
"944","Studio","Twin Bed","4","2642","17",,,"1"
"945","Suite","Queen Size Bed","5","2968","38",,,"165"
"946","Studio","Twin Bed","5","2466","25",,,"277"
"947","Studio","Single Bed","3","2870","46",,,"482"
"948","Studio","Twin Bed","6","1028","45",,,"150"
"949","Regular","Queen Size Bed","4","4980","16",,,"26"
"950","Regular","Single Bed","3","2974","24",,,"213"
"951","Regular","Queen Size Bed","4","4599","39",,,"199"
"952","Presidential Suite","Twin Bed","4","4194","18",,,"109"
"953","Regular","Single Bed","4","556","5",,,"88"
"954","Regular","Queen Size Bed","5","4403","2",,,"237"
"955","Regular","Double Bed","1","2720","38",,,"282"
"956","Regular","Single Bed","1","1157","50",,,"31"
"957","Regular","Queen Size Bed","4","1189","21",,,"171"
"958","Villa","Twin Bed","3","2286","16",,,"178"
"959","Studio","Twin Bed","2","2324","37",,,"68"
"960","Regular","Double Bed","6","2425","27",,,"387"
"961","Studio","Queen Size Bed","4","1307","47",,,"296"
"962","Regular","Double Bed","4","135","46",,,"351"
"963","Regular","Queen Size Bed","2","1465","39",,,"91"
"964","Regular","Twin Bed","2","1301","10",,,"32"
"965","Regular","Single Bed","4","1061","37",,,"480"
"966","Presidential Suite","Queen Size Bed","5","987","48",,,"499"
"967","Villa","Queen Size Bed","1","4971","40",,,"130"
"968","Regular","Single Bed","1","3950","44",,,"57"
"969","Presidential Suite","Queen Size Bed","4","3276","28",,,"202"
"970","Regular","Queen Size Bed","5","3460","36",,,"102"
"971","Regular","Single Bed","6","1801","45",,,"62"
"972","Regular","Twin Bed","2","852","0",,,"7"
"973","Studio","Single Bed","4","598","31",,,"202"
"974","Villa","Double Bed","3","627","1",,,"95"
"975","Regular","Twin Bed","5","4072","21",,,"300"
"976","Presidential Suite","Twin Bed","2","1848","6",,,"238"
"977","Regular","Double Bed","3","3063","5",,,"41"
"978","Studio","Queen Size Bed","2","1469","4",,,"222"
"979","Suite","Double Bed","1","3902","45",,,"117"
"980","Regular","Double Bed","2","2848","11",,,"481"
"981","Regular","Twin Bed","2","437","39",,,"332"
"982","Regular","Single Bed","2","1277","18",,,"11"
"983","Suite","Single Bed","6","2206","8",,,"312"
"984","Presidential Suite","Single Bed","2","4607","46",,,"18"
"985","Regular","Twin Bed","4","1951","4",,,"149"
"986","Presidential Suite","Queen Size Bed","2","2264","5",,,"339"
"987","Regular","Twin Bed","4","3079","7",,,"490"
"988","Villa","Twin Bed","5","1830","20",,,"40"
"989","Regular","Queen Size Bed","3","4280","22",,,"495"
"990","Regular","Double Bed","2","2296","9",,,"495"
"991","Presidential Suite","Double Bed","4","214","12",,,"152"
"992","Studio","Single Bed","5","2334","6",,,"304"
"993","Suite","Double Bed","2","4836","17",,,"384"
"994","Suite","Single Bed","2","810","44",,,"47"
"995","Regular","Queen Size Bed","2","1275","25",,,"58"
"996","Regular","Twin Bed","3","4749","23",,,"134"
"997","Regular","Single Bed","5","1532","13",,,"468"
"998","Studio","Double Bed","6","4608","19",,,"209"
"999","Regular","Twin Bed","6","1683","35",,,"250"
"1000","Suite","Twin Bed","5","4484","42",,,"416"
"1001","Studio","Queen Size Bed","2","3681","2",,,"232"
"1002","Suite","Double Bed","4","2259","41",,,"169"
"1003","Regular","Twin Bed","1","4336","45",,,"105"
"1004","Studio","Double Bed","6","558","6",,,"161"
"1005","Regular","Queen Size Bed","5","2009","14",,,"318"
"1006","Suite","Queen Size Bed","4","4501","18",,,"321"
"1007","Regular","Queen Size Bed","4","346","49",,,"30"
"1008","Studio","Queen Size Bed","6","2725","11",,,"433"
"1009","Studio","Queen Size Bed","5","3760","44",,,"258"
"1010","Studio","Queen Size Bed","5","2458","7",,,"376"
"1011","Villa","Twin Bed","4","2405","37",,,"90"
"1012","Regular","Double Bed","4","2318","31",,,"411"
"1013","Suite","Single Bed","3","404","36",,,"72"
"1014","Regular","Single Bed","4","4305","33",,,"473"
"1015","Regular","Queen Size Bed","6","2514","8",,,"456"
"1016","Regular","Queen Size Bed","6","787","49",,,"412"
"1017","Studio","Double Bed","5","526","29",,,"36"
"1018","Regular","Double Bed","2","3673","24",,,"41"
"1019","Regular","Twin Bed","5","4677","26",,,"463"
"1020","Regular","Double Bed","2","2151","26",,,"99"
"1021","Studio","Double Bed","2","1144","34",,,"87"
"1022","Studio","Twin Bed","4","1449","25",,,"12"
"1023","Studio","Double Bed","5","1061","13",,,"153"
"1024","Regular","Single Bed","6","3449","4",,,"237"
"1025","Studio","Double Bed","5","3756","34",,,"60"
"1026","Studio","Single Bed","3","1855","16",,,"317"
"1027","Studio","Single Bed","3","292","25",,,"455"
"1028","Presidential Suite","Twin Bed","3","4307","20",,,"369"
"1029","Regular","Double Bed","4","3759","28",,,"88"
"1030","Regular","Twin Bed","1","3505","50",,,"82"
"1031","Regular","Queen Size Bed","6","732","20",,,"213"
"1032","Regular","Queen Size Bed","4","4402","47",,,"449"
"1033","Suite","Twin Bed","3","2681","12",,,"64"
"1034","Studio","Queen Size Bed","6","4603","45",,,"252"
"1035","Studio","Twin Bed","1","3191","9",,,"56"
"1036","Presidential Suite","Single Bed","5","220","27",,,"476"
"1037","Regular","Queen Size Bed","2","503","17",,,"270"
"1038","Studio","Queen Size Bed","4","3770","14",,,"43"
"1039","Regular","Twin Bed","4","1607","38",,,"264"
"1040","Presidential Suite","Queen Size Bed","5","4346","4",,,"413"
"1041","Studio","Single Bed","5","3989","5",,,"194"
"1042","Regular","Queen Size Bed","4","4526","49",,,"380"
"1043","Suite","Queen Size Bed","6","1994","25",,,"444"
"1044","Suite","Single Bed","2","4567","28",,,"107"
"1045","Regular","Queen Size Bed","5","1522","15",,,"333"
"1046","Regular","Queen Size Bed","4","4712","33",,,"419"
"1047","Regular","Single Bed","1","1283","39",,,"118"
"1048","Regular","Twin Bed","2","1591","11",,,"2"
"1049","Studio","Single Bed","5","4502","31",,,"457"
"1050","Regular","Double Bed","6","4654","38",,,"267"
"1051","Studio","Queen Size Bed","1","4497","22",,,"291"
"1052","Studio","Single Bed","4","3154","2",,,"115"
"1053","Regular","Single Bed","3","1480","42",,,"61"
"1054","Studio","Double Bed","6","374","48",,,"372"
"1055","Regular","Double Bed","1","405","12",,,"432"
"1056","Studio","Twin Bed","4","1146","6",,,"43"
"1057","Regular","Single Bed","5","546","49",,,"141"
"1058","Studio","Queen Size Bed","5","1631","42",,,"316"
"1059","Regular","Queen Size Bed","6","3220","4",,,"356"
"1060","Presidential Suite","Double Bed","4","1929","6",,,"365"
"1061","Villa","Single Bed","1","2767","12",,,"55"
"1062","Regular","Queen Size Bed","5","2101","19",,,"352"
"1063","Regular","Single Bed","3","1358","5",,,"26"
"1064","Studio","Single Bed","1","2660","29",,,"222"
"1065","Studio","Queen Size Bed","6","4970","49",,,"148"
"1066","Studio","Single Bed","2","1374","46",,,"288"
"1067","Regular","Double Bed","4","175","7",,,"17"
"1068","Regular","Twin Bed","6","1978","4",,,"335"
"1069","Regular","Queen Size Bed","3","3215","39",,,"106"
"1070","Villa","Double Bed","3","1963","22",,,"246"
"1071","Studio","Single Bed","4","1567","15",,,"357"
"1072","Regular","Queen Size Bed","3","1876","0",,,"233"
"1073","Regular","Double Bed","1","1396","14",,,"265"
"1074","Studio","Double Bed","5","1597","34",,,"449"
"1075","Studio","Queen Size Bed","1","4632","33",,,"441"
"1076","Suite","Double Bed","6","2021","16",,,"329"
"1077","Studio","Double Bed","4","4129","2",,,"494"
"1078","Studio","Queen Size Bed","4","380","9",,,"386"
"1079","Studio","Queen Size Bed","3","4096","31",,,"239"
"1080","Regular","Single Bed","6","886","10",,,"162"
"1081","Regular","Single Bed","4","1693","8",,,"41"
"1082","Regular","Single Bed","1","1130","21",,,"492"
"1083","Regular","Queen Size Bed","2","219","19",,,"38"
"1084","Villa","Single Bed","6","1034","42",,,"14"
"1085","Regular","Queen Size Bed","1","1338","27",,,"206"
"1086","Studio","Twin Bed","6","3134","40",,,"230"
"1087","Regular","Queen Size Bed","1","3098","15",,,"204"
"1088","Regular","Queen Size Bed","3","3419","13",,,"40"
"1089","Suite","Single Bed","4","1319","37",,,"244"
"1090","Studio","Queen Size Bed","6","3262","18",,,"16"
"1091","Regular","Queen Size Bed","6","2356","38",,,"465"
"1092","Regular","Single Bed","4","383","15",,,"329"
"1093","Presidential Suite","Twin Bed","5","3711","5",,,"11"
"1094","Regular","Double Bed","3","697","19",,,"485"
"1095","Regular","Single Bed","6","3656","17",,,"363"
"1096","Suite","Twin Bed","3","1953","36",,,"51"
"1097","Regular","Single Bed","6","4056","25",,,"365"
"1098","Studio","Double Bed","6","311","8",,,"413"
"1099","Studio","Twin Bed","5","2628","19",,,"409"
"1100","Suite","Single Bed","4","4809","2",,,"91"
"1101","Regular","Double Bed","2","3176","0",,,"30"
"1102","Studio","Double Bed","4","4582","41",,,"51"
"1103","Studio","Single Bed","4","4526","32",,,"69"
"1104","Regular","Twin Bed","5","4977","46",,,"184"
"1105","Suite","Double Bed","6","4880","10",,,"401"
"1106","Regular","Single Bed","6","4151","21",,,"360"
"1107","Suite","Queen Size Bed","3","307","41",,,"354"
"1108","Regular","Queen Size Bed","2","4279","2",,,"280"
"1109","Regular","Queen Size Bed","3","285","2",,,"491"
"1110","Villa","Twin Bed","1","2537","44",,,"130"
"1111","Studio","Queen Size Bed","5","904","0",,,"125"
"1112","Studio","Single Bed","3","3553","48",,,"277"
"1113","Regular","Single Bed","3","3643","11",,,"466"
"1114","Presidential Suite","Twin Bed","5","3077","37",,,"387"
"1115","Studio","Single Bed","4","1950","3",,,"178"
"1116","Regular","Queen Size Bed","5","4689","27",,,"278"
"1117","Suite","Single Bed","2","729","13",,,"476"
